event	sha	upstream_iso8601	disposition	evidence
1	815d6f303f7d93fcc2bf492994fcc104a88a2a5a	2023-08-01T13:37:28-07:00	baseline	-
2	2c6a70f54fab018f8f895eae8c1d3af9a7f38daa	2023-08-02T22:24:58-06:00	baseline	-
3	1152e286550a4d3dbe37b419eaccd377c5c882c3	2023-08-04T07:47:55-07:00	baseline	-
4	20a792c59353961c96dccf8408f22e17a92aaefb	2023-08-07T11:43:23-04:00	baseline	-
5	f59f17f36859b80393b1b270112481b0d21f8327	2023-08-10T07:56:25-05:00	baseline	-
6	1aa54e71f2b5f2fbb76ed4e54f745629e4d98d22	2023-08-10T12:13:54-05:00	baseline	-
7	daa0294306f3e73b4ddb26d384201d60c141a86d	2023-08-31T13:52:00-07:00	baseline	-
8	14720b47b7fae0db33e80f6e90b445821368ab1a	2023-10-18T17:26:43-05:00	baseline	-
9	9c7048bedcbf153a45478c75a4412e4a70b2f0ea	2023-12-19T13:44:54-06:00	baseline	-
10	a2deed2613643b24ee0b4e5ee9896d797ab0cb23	2024-02-12T16:42:27-06:00	baseline	-
11	4a6f57b119c4f4f813bc62bd48408e647e8587b3	2024-02-16T11:46:03-05:00	baseline	-
12	1ab7a1a06b2ab6324745dbcb4d7d44eaadd70c0b	2024-02-19T08:45:43-06:00	baseline	-
13	b6f81857d0f1def2ab7258539983a58660e9833b	2024-03-14T13:45:48-04:00	baseline	-
14	462d519b72492f19b37871fbda17105bd3185377	2024-03-25T16:20:56-05:00	baseline	-
15	c99dfd827c128159404159a84cb933ddb54d59b6	2024-04-15T08:08:02-05:00	baseline	-
16	43962f278a1c1ca7310103d53adf58ad3eb5cee3	2024-05-17T16:37:30-05:00	baseline	-
17	01568c049ff583e77a7424c48b82ab7d00fc8d76	2024-06-03T08:37:01-05:00	baseline	-
18	2376ad149001e271b0c9dbb42babd69bef92a9b1	2024-09-26T09:25:51-07:00	baseline	-
19	d4f4a79bfa6992c5232d9d10ac4720df6e3509d1	2025-11-08T09:35:56-06:00	baseline	-
20	31c771905f2cd2d83fca12058df91b8c9e356bef	2025-11-14T08:21:27-06:00	baseline	-
21	d9b5f30d8ac6dadcb0ce88d9678748f812f2ffa5	2025-12-11T16:37:33-06:00	baseline	-
22	2c04a845dd9cfb6eeda6b26642ccbd32e3afb345	2026-02-05T14:26:07-05:00	baseline	-
23	dbce03d2446bdc30dd41ae2b965ee35832f8f3ee	2026-02-20T10:10:33-05:00	baseline	-
24	a3d471832c5eec864659229fda8043d6dd24e738	2026-02-27T10:38:05-05:00	baseline	-
25	574c7eaa48452cae1e9256ec0e8d2b2d6ede6aa0	2026-03-19T14:05:52-07:00	baseline	-
26	dcb96c6138a9798c935082e36727c2954f7804b9	2026-03-24T15:28:13-05:00	baseline	-
27	a9c0dccec3be72ff7c1dae56b6585e6d9fcccc68	2026-05-08T09:17:54-04:00	baseline	-
28	2b4c39ee47c9c46f31246a4bb2317150f78c4114	2026-07-06T13:50:25-05:00	baseline	-
29	e592133f33e4e9d2dd93ea7ee2e003e7e4e28e66	2026-09-23T13:55:51-05:00	baseline	-
